Reference,Name,Value,DigiKey Part Number,Manufacturer,Manufacturer Part Number,Qty per Unit,Qty 1 Unit,Qty 10 Units,Unit Price 1 Unit (USD),Ext Price 1 Unit (USD),Unit Price 10 Units (USD),Ext Price 10 Units (USD),Alternates (DigiKey Part Number),Footprint,PCB Side,Silkscreen,Notes
"C1, C2","10uF 25V X5R ceramic, radial 5mm kinked leads (audio output coupling)",10uF,445-181284-1-ND,TDK,FG28X5R1E106MRT06,2,2,20,0.50,1.00,0.30,6.00,,Capacitor_THT:C_Rect_L7.0mm_W2.0mm_P5.00mm,"Front (F.Cu, Pi / sound card side)",10uF,In series with the L/R audio. Body 4.0 x 2.5 x 5.5 mm: fits the 2.67 mm side-by-side spacing; film/electrolytic 10uF parts do not fit.
"C3, C4","100nF 63V 5% WIMA MKS2 metallized PET film, 5mm pitch (PWM low-pass filter)",100nF,1928-MKS2C031001A00JSSD-ND,WIMA,MKS2C031001A00JSSD,2,2,20,0.68,1.36,0.423,8.46,,Capacitor_THT:C_Rect_L7.0mm_W2.0mm_P5.00mm,"Front (F.Cu, Pi / sound card side)",C3 / C4,Film instead of ceramic in the PWM audio filter. C4 is blank ('C') in the schematic; README specifies 100nF. Body 7.2 x 2.5 x 6.5 mm is snug between the board edge and the Pi: seat it toward the board edge.
R1,10K 1% 50ppm Vishay Dale CMF55 metal film (MIDI IN level divider),10K,CMF10.0KHFCT-ND,Vishay Dale,CMF5510K000FHEB,1,1,10,0.61,0.61,0.394,3.94,,Resistor_THT:R_Axial_DIN0207_L6.3mm_D2.5mm_P7.62mm_Horizontal,"Front (F.Cu, Pi / sound card side)",10K,Not in the audio path.
R2,22.1K 1% 50ppm Vishay Dale CMF55 metal film (MIDI IN level divider),22.1K,CMF22.1KHFCT-ND,Vishay Dale,CMF5522K100FHEB,1,1,10,0.78,0.78,0.507,5.07,,Resistor_THT:R_Axial_DIN0207_L6.3mm_D2.5mm_P7.62mm_Horizontal,"Front (F.Cu, Pi / sound card side)",22K,"Schematic value is 22K; 22.0K CMF55 is only sold by the 1000-pc reel. 22.1K gives 3.44V at the Pi RX pin, same as 22K."
"R3, R4",1K 0.1% 25ppm Vishay Dale CMF55 metal film (PWM low-pass filter),1K,CMF1.0KHBCT-ND,Vishay Dale,CMF551K0000BEEB,2,2,20,2.48,4.96,1.649,32.98,,Resistor_THT:R_Axial_DIN0207_L6.3mm_D2.5mm_P7.62mm_Horizontal,"Back (B.Cu, DAC / OLED side)",R3 / R4,In the PWM audio path; 0.1% keeps left/right filters matched.
Audio_Select1,"Pin header 2x3 2.54mm vertical, gold flash, breakaway (audio source select)",2x3 male,35-PRPC003DAAN-RC-ND,Sullins,PRPC003DAAN-RC,1,1,10,0.12,0.12,0.099,0.99,"612-TSW-103-07-G-D-ND (Samtec TSW-103-07-G-D, 10uin gold)",Connector_PinHeader_2.54mm:PinHeader_2x03_P2.54mm_Vertical,"Front (F.Cu, Pi / sound card side)",Audio Select (J1/J2),Audio passes through this header; gold mates with the gold jumpers.
Audio_Select1 jumpers,"Jumper socket 2.54mm, black, open top, gold, 6.00mm",Jumper,952-2881-ND,Harwin,M7582-05,2,2,20,0.16,0.32,0.134,2.68,"952-2882-ND (Harwin M7583-05, blue); 952-2169-ND (Harwin M7581-05, red)",-,"Front (F.Cu, Pi / sound card side)","J1, J2","DAC = 1-2, RPi PWM = 2-3 (see silkscreen). Open top, no handle, 6.00 mm: keeps them short on the side facing the sound card."
RPi1,Raspberry Pi Zero 2 W (without header),RPi Zero 2 W,2648-SC1176-ND,Raspberry Pi,SC1176,1,1,10,15.00,15.00,15.00,150.00,,Custom:RPiZero2W,"Front (F.Cu, Pi / sound card side)",Raspberry Pi Zero 2 W,Out of stock at DigiKey on 2026-09-29; any approved reseller works. Must be the Zero 2 W (not Zero / Zero W) and without a pre-soldered header.
RPi1 header,"Pin header 2x20 2.54mm vertical, breakaway (mounts Pi Zero flush to the board)",2x20 male,35-PRPC020DAAN-RC-ND,Sullins,PRPC020DAAN-RC,1,1,10,0.95,0.95,0.806,8.06,"952-3299-ND (Harwin M20-9982046, tin); 612-TSW-120-07-L-D-ND (Samtec TSW-120-07-L-D)",Custom:RPiZero2W,"Front (F.Cu, Pi / sound card side)",Raspberry Pi Zero 2 W,"Soldered at both ends (no mating contact), so plating does not matter. Breakaway: snap into 2x3 sections before soldering (see README)."
Wavetable1,"Socket 2x13 2.54mm vertical, gold, 8.50mm (wavetable connector)",2x13 female,732-61302621821-ND,Wurth Elektronik,61302621821,1,1,10,1.00,1.00,0.932,9.32,"S7116-ND (Sullins PPPC132LFBN-RC, gold flash); 612-SSW-113-01-G-D-ND (Samtec SSW-113-01-G-D, 20uin gold, premium)",Connector_PinSocket_2.54mm:PinSocket_2x13_P2.54mm_Vertical,"Front (F.Cu, Pi / sound card side)",Wavetable1,"Carries L/R audio, MIDI and power to the sound card. 3.1 mm tails stay clear of the OLED mounted above them. Rated 25 mating cycles."
DAC1,"PCM5102A I2S DAC module, GY-PCM5102 (approx. 32 x 17 mm)",GY-PCM5102,N/A (not at DigiKey),Generic,GY-PCM5102,1,1,10,,,,,,Custom:GY_PCM5102A,"Back (B.Cu, DAC / OLED side)",DAC1,"Not stocked by DigiKey - buy from AliExpress/Amazon/eBay. Check form factor, pinout and the config solder bridges (see README)."
LCD1,"0.91in OLED SSD1306 I2C 128x32 module, 4-pin GND/VCC/SCL/SDA (optional)",0.91in OLED,N/A (not at DigiKey),Generic,SSD1306 0.91in 128x32,1,1,10,,,,,,Custom:LCD_0.91_OLED,"Back (B.Cu, DAC / OLED side)",LCD1,Not stocked by DigiKey - buy from AliExpress/Amazon/eBay.
